,YEAR,TEAM,SEED,ROUND,CURRENT ROUND,SCORE
,2025,Auburn,1,,64,
,2025,Alabama St.,16,,64,
,2025,Louisville,8,,64,
,2025,Creighton,9,,64,
,2025,Michigan,5,,64,
,2025,UC San Diego,12,,64,
,2025,Texas A&M,4,,64,
,2025,Yale,13,,64,
,2025,Mississippi,6,,64,
,2025,North Carolina,11,,64,
,2025,Iowa St.,3,,64,
,2025,Lipscomb,14,,64,
,2025,Marquette,7,,64,
,2025,New Mexico,10,,64,
,2025,Michigan St.,2,,64,
,2025,Bryant,15,,64,
,2025,Florida,1,,64,
,2025,Norfolk St.,16,,64,
,2025,Connecticut,8,,64,
,2025,Oklahoma,9,,64,
,2025,Memphis,5,,64,
,2025,Colorado St.,12,,64,
,2025,Maryland,4,,64,
,2025,Grand Canyon,13,,64,
,2025,Missouri,6,,64,
,2025,Drake,11,,64,
,2025,Texas Tech,3,,64,
,2025,UNC Wilmington,14,,64,
,2025,Kansas,7,,64,
,2025,Arkansas,10,,64,
,2025,St. John's,2,,64,
,2025,Nebraska Omaha,15,,64,
,2025,Duke,1,,64,
,2025,American,16,,64,
,2025,Mississippi St.,8,,64,
,2025,Baylor,9,,64,
,2025,Oregon,5,,64,
,2025,Liberty,12,,64,
,2025,Arizona,4,,64,
,2025,Akron,13,,64,
,2025,BYU,6,,64,
,2025,VCU,11,,64,
,2025,Wisconsin,3,,64,
,2025,Montana,14,,64,
,2025,Saint Mary's,7,,64,
,2025,Vanderbilt,10,,64,
,2025,Alabama,2,,64,
,2025,Robert Morris,15,,64,
,2025,Houston,1,,64,
,2025,SIU Edwardsville,16,,64,
,2025,Gonzaga,8,,64,
,2025,Georgia,9,,64,
,2025,Clemson,5,,64,
,2025,McNeese St.,12,,64,
,2025,Purdue,4,,64,
,2025,High Point,13,,64,
,2025,Illinois,6,,64,
,2025,Texas,11,,64,
,2025,Kentucky,3,,64,
,2025,Troy,14,,64,
,2025,UCLA,7,,64,
,2025,Utah St.,10,,64,
,2025,Tennessee,2,,64,
,2025,Wofford,15,,64,
0,2024,Connecticut,1,2,64,91
1,2024,Stetson,16,64,64,52
2,2024,Florida Atlantic,8,64,64,65
3,2024,Northwestern,9,32,64,77
4,2024,San Diego St.,5,16,64,69
5,2024,UAB,12,64,64,65
6,2024,Auburn,4,64,64,76
7,2024,Yale,13,32,64,78
8,2024,BYU,6,64,64,67
9,2024,Duquesne,11,32,64,71
10,2024,Illinois,3,8,64,85
11,2024,Morehead St.,14,64,64,69
12,2024,Washington St.,7,32,64,66
13,2024,Drake,10,64,64,61
14,2024,Iowa St.,2,16,64,82
15,2024,South Dakota St.,15,64,64,65
16,2024,North Carolina,1,16,64,90
18,2024,Wagner,16,64,68,62
19,2024,Mississippi St.,8,64,64,51
20,2024,Michigan St.,9,32,64,69
21,2024,Saint Mary's,5,64,64,66
22,2024,Grand Canyon,12,32,64,75
23,2024,Alabama,4,4,64,109
24,2024,College of Charleston,13,64,64,96
25,2024,Clemson,6,8,64,77
26,2024,New Mexico,11,64,64,56
27,2024,Baylor,3,32,64,92
28,2024,Colgate,14,64,64,67
29,2024,Dayton,7,32,64,63
30,2024,Nevada,10,64,64,60
31,2024,Arizona,2,16,64,85
32,2024,Long Beach St.,15,64,64,65
33,2024,Houston,1,16,64,86
34,2024,Longwood,16,64,64,46
35,2024,Nebraska,8,64,64,83
36,2024,Texas A&M,9,32,64,98
37,2024,Wisconsin,5,64,64,61
38,2024,James Madison,12,32,64,72
39,2024,Duke,4,8,64,64
40,2024,Vermont,13,64,64,47
41,2024,Texas Tech,6,64,64,67
42,2024,North Carolina St.,11,4,64,80
43,2024,Kentucky,3,64,64,76
44,2024,Oakland,14,32,64,80
45,2024,Florida,7,64,64,100
47,2024,Colorado,10,32,68,102
48,2024,Marquette,2,16,64,87
49,2024,Western Kentucky,15,64,64,69
50,2024,Purdue,1,2,64,78
52,2024,Grambling St.,16,64,68,50
53,2024,Utah St.,8,32,64,88
54,2024,TCU,9,64,64,72
55,2024,Gonzaga,5,16,64,86
56,2024,McNeese St.,12,64,64,65
57,2024,Kansas,4,32,64,93
58,2024,Samford,13,64,64,89
59,2024,South Carolina,6,64,64,73
60,2024,Oregon,11,32,64,87
61,2024,Creighton,3,16,64,77
62,2024,Akron,14,64,64,60
63,2024,Texas,7,32,64,56
65,2024,Colorado St.,10,64,68,44
66,2024,Tennessee,2,8,64,83
67,2024,Saint Peter's,15,64,64,49
,2024,Connecticut,1,2,32,75
,2024,Northwestern,9,32,32,58
,2024,San Diego St.,5,16,32,85
,2024,Yale,13,32,32,57
,2024,Duquesne,11,32,32,63
,2024,Illinois,3,8,32,89
,2024,Washington St.,7,32,32,56
,2024,Iowa St.,2,16,32,67
,2024,North Carolina,1,16,32,85
,2024,Michigan St.,9,32,32,69
,2024,Grand Canyon,12,32,32,61
,2024,Alabama,4,4,32,72
,2024,Clemson,6,8,32,72
,2024,Baylor,3,32,32,64
,2024,Dayton,7,32,32,68
,2024,Arizona,2,16,32,78
,2024,Houston,1,16,32,100
,2024,Texas A&M,9,32,32,95
,2024,James Madison,12,32,32,55
,2024,Duke,4,8,32,93
,2024,North Carolina St.,11,4,32,79
,2024,Oakland,14,32,32,73
,2024,Colorado,10,32,32,77
,2024,Marquette,2,16,32,81
,2024,Purdue,1,2,32,106
,2024,Utah St.,8,32,32,67
,2024,Gonzaga,5,16,32,89
,2024,Kansas,4,32,32,68
,2024,Oregon,11,32,32,73
,2024,Creighton,3,16,32,86
,2024,Texas,7,32,32,58
,2024,Tennessee,2,8,32,62
,2024,Connecticut,1,2,16,82
,2024,San Diego St.,5,16,16,52
,2024,Illinois,3,8,16,72
,2024,Iowa St.,2,16,16,69
,2024,North Carolina,1,16,16,87
,2024,Alabama,4,4,16,89
,2024,Clemson,6,8,16,77
,2024,Arizona,2,16,16,72
,2024,Houston,1,16,16,51
,2024,Duke,4,8,16,54
,2024,North Carolina St.,11,4,16,67
,2024,Marquette,2,16,16,58
,2024,Purdue,1,2,16,80
,2024,Gonzaga,5,16,16,68
,2024,Creighton,3,16,16,75
,2024,Tennessee,2,8,16,82
,2024,Connecticut,1,2,8,77
,2024,Illinois,3,8,8,52
,2024,Alabama,4,4,8,89
,2024,Clemson,6,8,8,82
,2024,Duke,4,8,8,64
,2024,North Carolina St.,11,4,8,76
,2024,Purdue,1,2,8,72
,2024,Tennessee,2,8,8,66
,2024,Connecticut,1,2,4,86
,2024,Alabama,4,4,4,72
,2024,North Carolina St.,11,4,4,50
,2024,Purdue,1,2,4,63
,2024,Connecticut,1,2,2,75
,2024,Purdue,1,2,2,60
146,2023,Alabama,1,16,64,96
147,2023,Texas A&M Corpus Chris,16,64,64,75
148,2023,Maryland,8,32,64,67
149,2023,West Virginia,9,64,64,65
150,2023,San Diego St.,5,2,64,63
151,2023,College of Charleston,12,64,64,57
152,2023,Virginia,4,64,64,67
153,2023,Furman,13,32,64,68
154,2023,Creighton,6,8,64,72
155,2023,North Carolina St.,11,64,64,63
156,2023,Baylor,3,32,64,74
157,2023,UC Santa Barbara,14,64,64,56
158,2023,Missouri,7,32,64,76
159,2023,Utah St.,10,64,64,65
160,2023,Arizona,2,64,64,55
161,2023,Princeton,15,16,64,59
162,2023,Purdue,1,64,64,58
163,2023,Fairleigh Dickinson,16,32,64,63
164,2023,Memphis,8,64,64,65
165,2023,Florida Atlantic,9,4,64,66
166,2023,Duke,5,32,64,74
167,2023,Oral Roberts,12,64,64,51
168,2023,Tennessee,4,16,64,58
169,2023,Louisiana Lafayette,13,64,64,55
170,2023,Kentucky,6,32,64,61
171,2023,Providence,11,64,64,53
172,2023,Kansas St.,3,8,64,77
173,2023,Montana St.,14,64,64,65
174,2023,Michigan St.,7,16,64,72
175,2023,USC,10,64,64,62
176,2023,Marquette,2,32,64,78
177,2023,Vermont,15,64,64,61
178,2023,Houston,1,16,64,63
179,2023,Northern Kentucky,16,64,64,52
180,2023,Iowa,8,64,64,75
181,2023,Auburn,9,32,64,83
182,2023,Miami FL,5,4,64,63
183,2023,Drake,12,64,64,56
184,2023,Indiana,4,32,64,71
185,2023,Kent St.,13,64,64,60
186,2023,Iowa St.,6,64,64,41
187,2023,Pittsburgh,11,32,64,59
188,2023,Xavier,3,16,64,72
189,2023,Kennesaw St.,14,64,64,67
190,2023,Texas A&M,7,64,64,59
191,2023,Penn St.,10,32,64,76
192,2023,Texas,2,8,64,81
193,2023,Colgate,15,64,64,61
194,2023,Kansas,1,32,64,96
195,2023,Howard,16,64,64,68
196,2023,Arkansas,8,16,64,73
197,2023,Illinois,9,64,64,63
198,2023,Saint Mary's,5,32,64,63
199,2023,VCU,12,64,64,51
200,2023,Connecticut,4,1,64,87
201,2023,Iona,13,64,64,63
202,2023,TCU,6,32,64,72
203,2023,Arizona St.,11,64,64,70
204,2023,Gonzaga,3,8,64,82
205,2023,Grand Canyon,14,64,64,70
206,2023,Northwestern,7,32,64,75
207,2023,Boise St.,10,64,64,67
208,2023,UCLA,2,16,64,86
209,2023,UNC Asheville,15,64,64,53
210,2023,Alabama,1,16,32,73
211,2023,Maryland,8,32,32,51
212,2023,San Diego St.,5,2,32,75
213,2023,Furman,13,32,32,52
214,2023,Creighton,6,8,32,85
215,2023,Baylor,3,32,32,76
216,2023,Missouri,7,32,32,63
217,2023,Princeton,15,16,32,78
218,2023,Fairleigh Dickinson,16,32,32,70
219,2023,Florida Atlantic,9,4,32,78
220,2023,Duke,5,32,32,52
221,2023,Tennessee,4,16,32,65
222,2023,Kentucky,6,32,32,69
223,2023,Kansas St.,3,8,32,75
224,2023,Michigan St.,7,16,32,69
225,2023,Marquette,2,32,32,60
226,2023,Houston,1,16,32,81
227,2023,Auburn,9,32,32,64
228,2023,Miami FL,5,4,32,85
229,2023,Indiana,4,32,32,69
230,2023,Pittsburgh,11,32,32,73
231,2023,Xavier,3,16,32,84
232,2023,Penn St.,10,32,32,66
233,2023,Texas,2,8,32,71
234,2023,Kansas,1,32,32,71
235,2023,Arkansas,8,16,32,72
236,2023,Saint Mary's,5,32,32,55
237,2023,Connecticut,4,1,32,70
238,2023,TCU,6,32,32,81
239,2023,Gonzaga,3,8,32,84
240,2023,Northwestern,7,32,32,63
241,2023,UCLA,2,16,32,68
242,2023,Alabama,1,16,16,64
243,2023,San Diego St.,5,2,16,71
244,2023,Creighton,6,8,16,86
245,2023,Princeton,15,16,16,75
246,2023,Florida Atlantic,9,4,16,62
247,2023,Tennessee,4,16,16,55
248,2023,Kansas St.,3,8,16,98
249,2023,Michigan St.,7,16,16,93
250,2023,Houston,1,16,16,75
251,2023,Miami FL,5,4,16,89
252,2023,Xavier,3,16,16,71
253,2023,Texas,2,8,16,83
254,2023,Arkansas,8,16,16,65
255,2023,Connecticut,4,1,16,88
256,2023,Gonzaga,3,8,16,79
257,2023,UCLA,2,16,16,76
258,2023,San Diego St.,5,2,8,57
259,2023,Creighton,6,8,8,56
260,2023,Florida Atlantic,9,4,8,79
261,2023,Kansas St.,3,8,8,76
262,2023,Miami FL,5,4,8,88
263,2023,Texas,2,8,8,81
264,2023,Connecticut,4,1,8,82
265,2023,Gonzaga,3,8,8,54
266,2023,San Diego St.,5,2,4,72
267,2023,Florida Atlantic,9,4,4,71
268,2023,Miami FL,5,4,4,59
269,2023,Connecticut,4,1,4,72
270,2023,San Diego St.,5,2,2,59
271,2023,Connecticut,4,1,2,76
272,2022,Gonzaga,1,16,64,93
273,2022,Georgia St.,16,64,64,72
274,2022,Boise St.,8,64,64,53
275,2022,Memphis,9,32,64,64
276,2022,Connecticut,5,64,64,63
277,2022,New Mexico St.,12,32,64,70
278,2022,Arkansas,4,8,64,75
279,2022,Vermont,13,64,64,71
280,2022,Alabama,6,64,64,64
281,2022,Notre Dame,11,32,64,78
282,2022,Texas Tech,3,16,64,97
283,2022,Montana St.,14,64,64,62
284,2022,Michigan St.,7,32,64,74
285,2022,Davidson,10,64,64,73
286,2022,Duke,2,4,64,78
287,2022,Cal St. Fullerton,15,64,64,61
288,2022,Baylor,1,32,64,85
289,2022,Norfolk St.,16,64,64,49
290,2022,North Carolina,8,2,64,95
291,2022,Marquette,9,64,64,63
292,2022,Saint Mary's,5,32,64,82
293,2022,Indiana,12,64,64,53
294,2022,UCLA,4,16,64,57
295,2022,Akron,13,64,64,53
296,2022,Texas,6,32,64,81
297,2022,Virginia Tech,11,64,64,73
298,2022,Purdue,3,16,64,78
299,2022,Yale,14,64,64,56
300,2022,Murray St.,7,32,64,92
301,2022,San Francisco,10,64,64,87
302,2022,Kentucky,2,64,64,79
303,2022,Saint Peter's,15,8,64,85
304,2022,Arizona,1,16,64,87
305,2022,Wright St.,16,64,64,70
306,2022,Seton Hall,8,64,64,42
307,2022,TCU,9,32,64,69
308,2022,Houston,5,8,64,82
309,2022,UAB,12,64,64,68
310,2022,Illinois,4,32,64,54
311,2022,Chattanooga,13,64,64,53
312,2022,Colorado St.,6,64,64,63
313,2022,Michigan,11,16,64,75
314,2022,Tennessee,3,32,64,88
315,2022,Longwood,14,64,64,56
316,2022,Ohio St.,7,32,64,54
317,2022,Loyola Chicago,10,64,64,41
318,2022,Villanova,2,4,64,80
319,2022,Delaware,15,64,64,60
320,2022,Kansas,1,1,64,83
321,2022,Texas Southern,16,64,64,56
322,2022,San Diego St.,8,64,64,69
323,2022,Creighton,9,32,64,72
324,2022,Iowa,5,64,64,63
325,2022,Richmond,12,32,64,67
326,2022,Providence,4,16,64,66
327,2022,South Dakota St.,13,64,64,57
328,2022,LSU,6,64,64,54
329,2022,Iowa St.,11,16,64,59
330,2022,Wisconsin,3,32,64,67
331,2022,Colgate,14,64,64,60
332,2022,USC,7,64,64,66
333,2022,Miami FL,10,8,64,68
334,2022,Auburn,2,32,64,80
335,2022,Jacksonville St.,15,64,64,61
336,2022,Gonzaga,1,16,32,82
337,2022,Memphis,9,32,32,78
338,2022,New Mexico St.,12,32,32,48
339,2022,Arkansas,4,8,32,53
340,2022,Notre Dame,11,32,32,53
341,2022,Texas Tech,3,16,32,59
342,2022,Michigan St.,7,32,32,76
343,2022,Duke,2,4,32,85
344,2022,Baylor,1,32,32,86
345,2022,North Carolina,8,2,32,93
346,2022,Saint Mary's,5,32,32,56
347,2022,UCLA,4,16,32,72
348,2022,Texas,6,32,32,71
349,2022,Purdue,3,16,32,81
350,2022,Murray St.,7,32,32,60
351,2022,Saint Peter's,15,8,32,70
352,2022,Arizona,1,16,32,85
353,2022,TCU,9,32,32,80
354,2022,Houston,5,8,32,68
355,2022,Illinois,4,32,32,53
356,2022,Michigan,11,16,32,76
357,2022,Tennessee,3,32,32,68
358,2022,Ohio St.,7,32,32,61
359,2022,Villanova,2,4,32,71
360,2022,Kansas,1,1,32,79
361,2022,Creighton,9,32,32,72
362,2022,Richmond,12,32,32,51
363,2022,Providence,4,16,32,79
364,2022,Iowa St.,11,16,32,54
365,2022,Wisconsin,3,32,32,49
366,2022,Miami FL,10,8,32,79
367,2022,Auburn,2,32,32,61
368,2022,Gonzaga,1,16,16,68
369,2022,Arkansas,4,8,16,74
370,2022,Texas Tech,3,16,16,73
371,2022,Duke,2,4,16,78
372,2022,North Carolina,8,2,16,73
373,2022,UCLA,4,16,16,66
374,2022,Purdue,3,16,16,64
375,2022,Saint Peter's,15,8,16,67
376,2022,Arizona,1,16,16,60
377,2022,Houston,5,8,16,72
378,2022,Michigan,11,16,16,55
379,2022,Villanova,2,4,16,63
380,2022,Kansas,1,1,16,66
381,2022,Providence,4,16,16,61
382,2022,Iowa St.,11,16,16,56
383,2022,Miami FL,10,8,16,70
384,2022,Arkansas,4,8,8,69
385,2022,Duke,2,4,8,78
386,2022,North Carolina,8,2,8,69
387,2022,Saint Peter's,15,8,8,49
388,2022,Houston,5,8,8,44
389,2022,Villanova,2,4,8,50
390,2022,Kansas,1,1,8,76
391,2022,Miami FL,10,8,8,50
392,2022,Duke,2,4,4,77
393,2022,North Carolina,8,2,4,81
394,2022,Villanova,2,4,4,65
395,2022,Kansas,1,1,4,81
396,2022,North Carolina,8,2,2,69
397,2022,Kansas,1,1,2,72
522,2019,Duke,1,8,64,85
523,2019,North Dakota St.,16,64,64,62
524,2019,VCU,8,64,64,58
525,2019,UCF,9,32,64,73
526,2019,Mississippi St.,5,64,64,76
527,2019,Liberty,12,32,64,80
528,2019,Virginia Tech,4,16,64,66
529,2019,Saint Louis,13,64,64,52
530,2019,Maryland,6,32,64,79
531,2019,Belmont,11,64,64,77
532,2019,LSU,3,16,64,79
533,2019,Yale,14,64,64,74
534,2019,Louisville,7,64,64,76
535,2019,Minnesota,10,32,64,86
536,2019,Michigan St.,2,4,64,76
537,2019,Bradley,15,64,64,65
538,2019,Gonzaga,1,8,64,87
539,2019,Fairleigh Dickinson,16,64,64,49
540,2019,Syracuse,8,64,64,69
541,2019,Baylor,9,32,64,78
542,2019,Marquette,5,64,64,64
543,2019,Murray St.,12,32,64,83
544,2019,Florida St.,4,16,64,76
545,2019,Vermont,13,64,64,69
546,2019,Buffalo,6,32,64,91
547,2019,Arizona St.,11,64,64,74
548,2019,Texas Tech,3,2,64,72
549,2019,Northern Kentucky,14,64,64,57
550,2019,Nevada,7,64,64,61
551,2019,Florida,10,32,64,70
552,2019,Michigan,2,16,64,74
553,2019,Montana,15,64,64,55
554,2019,Virginia,1,1,64,71
555,2019,Gardner Webb,16,64,64,56
556,2019,Mississippi,8,64,64,72
557,2019,Oklahoma,9,32,64,95
558,2019,Wisconsin,5,64,64,54
559,2019,Oregon,12,16,64,72
560,2019,Kansas St.,4,64,64,64
561,2019,UC Irvine,13,32,64,70
562,2019,Villanova,6,32,64,61
563,2019,Saint Mary's,11,64,64,57
564,2019,Purdue,3,8,64,61
565,2019,Old Dominion,14,64,64,48
566,2019,Cincinnati,7,64,64,72
567,2019,Iowa,10,32,64,79
568,2019,Tennessee,2,16,64,77
569,2019,Colgate,15,64,64,70
570,2019,North Carolina,1,16,64,88
571,2019,Iona,16,64,64,73
572,2019,Utah St.,8,64,64,61
573,2019,Washington,9,32,64,78
574,2019,Auburn,5,4,64,78
575,2019,New Mexico St.,12,64,64,77
576,2019,Kansas,4,32,64,87
577,2019,Northeastern,13,64,64,52
578,2019,Iowa St.,6,64,64,59
579,2019,Ohio St.,11,32,64,62
580,2019,Houston,3,16,64,84
581,2019,Georgia St.,14,64,64,55
582,2019,Wofford,7,32,64,84
583,2019,Seton Hall,10,64,64,68
584,2019,Kentucky,2,8,64,79
585,2019,Abilene Christian,15,64,64,44
586,2019,Duke,1,8,32,77
587,2019,UCF,9,32,32,76
588,2019,Liberty,12,32,32,58
589,2019,Virginia Tech,4,16,32,67
590,2019,Maryland,6,32,32,67
591,2019,LSU,3,16,32,69
592,2019,Minnesota,10,32,32,50
593,2019,Michigan St.,2,4,32,70
594,2019,Gonzaga,1,8,32,83
595,2019,Baylor,9,32,32,71
596,2019,Murray St.,12,32,32,62
597,2019,Florida St.,4,16,32,90
598,2019,Buffalo,6,32,32,58
599,2019,Texas Tech,3,2,32,78
600,2019,Florida,10,32,32,49
601,2019,Michigan,2,16,32,64
602,2019,Virginia,1,1,32,63
603,2019,Oklahoma,9,32,32,51
604,2019,Oregon,12,16,32,73
605,2019,UC Irvine,13,32,32,54
606,2019,Villanova,6,32,32,61
607,2019,Purdue,3,8,32,87
608,2019,Iowa,10,32,32,77
609,2019,Tennessee,2,16,32,83
610,2019,North Carolina,1,16,32,81
611,2019,Washington,9,32,32,59
612,2019,Auburn,5,4,32,89
613,2019,Kansas,4,32,32,75
614,2019,Ohio St.,11,32,32,59
615,2019,Houston,3,16,32,74
616,2019,Wofford,7,32,32,56
617,2019,Kentucky,2,8,32,62
618,2019,Duke,1,8,16,75
619,2019,Virginia Tech,4,16,16,73
620,2019,LSU,3,16,16,63
621,2019,Michigan St.,2,4,16,80
622,2019,Gonzaga,1,8,16,72
623,2019,Florida St.,4,16,16,58
624,2019,Texas Tech,3,2,16,63
625,2019,Michigan,2,16,16,44
626,2019,Virginia,1,1,16,53
627,2019,Oregon,12,16,16,49
628,2019,Purdue,3,8,16,99
629,2019,Tennessee,2,16,16,94
630,2019,North Carolina,1,16,16,80
631,2019,Auburn,5,4,16,97
632,2019,Houston,3,16,16,58
633,2019,Kentucky,2,8,16,62
634,2019,Duke,1,8,8,67
635,2019,Michigan St.,2,4,8,68
636,2019,Gonzaga,1,8,8,69
637,2019,Texas Tech,3,2,8,75
638,2019,Virginia,1,1,8,80
639,2019,Purdue,3,8,8,75
640,2019,Auburn,5,4,8,77
641,2019,Kentucky,2,8,8,71
642,2019,Michigan St.,2,4,4,51
643,2019,Texas Tech,3,2,4,61
644,2019,Virginia,1,1,4,63
645,2019,Auburn,5,4,4,62
646,2019,Texas Tech,3,2,2,77
647,2019,Virginia,1,1,2,85
648,2018,Virginia,1,64,64,54
649,2018,UMBC,16,32,64,74
650,2018,Creighton,8,64,64,59
651,2018,Kansas St.,9,8,64,69
652,2018,Kentucky,5,16,64,78
653,2018,Davidson,12,64,64,73
654,2018,Arizona,4,64,64,68
655,2018,Buffalo,13,32,64,89
656,2018,Miami FL,6,64,64,62
657,2018,Loyola Chicago,11,4,64,64
658,2018,Tennessee,3,32,64,73
659,2018,Wright St.,14,64,64,47
660,2018,Nevada,7,16,64,87
661,2018,Texas,10,64,64,83
662,2018,Cincinnati,2,32,64,68
663,2018,Georgia St.,15,64,64,53
664,2018,Xavier,1,32,64,102
665,2018,Texas Southern,16,64,64,83
666,2018,Missouri,8,64,64,54
667,2018,Florida St.,9,8,64,67
668,2018,Ohio St.,5,32,64,81
669,2018,South Dakota St.,12,64,64,73
670,2018,Gonzaga,4,16,64,68
671,2018,UNC Greensboro,13,64,64,64
672,2018,Houston,6,32,64,67
673,2018,San Diego St.,11,64,64,65
674,2018,Michigan,3,2,64,61
675,2018,Montana,14,64,64,47
676,2018,Texas A&M,7,16,64,73
677,2018,Providence,10,64,64,69
678,2018,North Carolina,2,32,64,84
679,2018,Lipscomb,15,64,64,66
680,2018,Villanova,1,1,64,87
681,2018,Radford,16,64,64,61
682,2018,Virginia Tech,8,64,64,83
683,2018,Alabama,9,32,64,86
684,2018,West Virginia,5,16,64,85
685,2018,Murray St.,12,64,64,68
686,2018,Wichita St.,4,64,64,75
687,2018,Marshall,13,32,64,81
688,2018,Florida,6,32,64,77
689,2018,St. Bonaventure,11,64,64,62
690,2018,Texas Tech,3,8,64,70
691,2018,Stephen F. Austin,14,64,64,60
692,2018,Arkansas,7,64,64,62
693,2018,Butler,10,32,64,79
694,2018,Purdue,2,16,64,74
695,2018,Cal St. Fullerton,15,64,64,48
696,2018,Kansas,1,4,64,76
697,2018,Penn,16,64,64,60
698,2018,Seton Hall,8,32,64,94
699,2018,North Carolina St.,9,64,64,83
700,2018,Clemson,5,16,64,79
701,2018,New Mexico St.,12,64,64,68
702,2018,Auburn,4,32,64,62
703,2018,College of Charleston,13,64,64,58
704,2018,TCU,6,64,64,52
705,2018,Syracuse,11,16,64,57
706,2018,Michigan St.,3,32,64,82
707,2018,Bucknell,14,64,64,78
708,2018,Rhode Island,7,32,64,83
709,2018,Oklahoma,10,64,64,78
710,2018,Duke,2,8,64,89
711,2018,Iona,15,64,64,67
712,2018,UMBC,16,32,32,43
713,2018,Kansas St.,9,8,32,50
714,2018,Kentucky,5,16,32,95
715,2018,Buffalo,13,32,32,75
716,2018,Loyola Chicago,11,4,32,63
717,2018,Tennessee,3,32,32,62
718,2018,Nevada,7,16,32,75
719,2018,Cincinnati,2,32,32,73
720,2018,Xavier,1,32,32,70
721,2018,Florida St.,9,8,32,75
722,2018,Ohio St.,5,32,32,84
723,2018,Gonzaga,4,16,32,90
724,2018,Houston,6,32,32,63
725,2018,Michigan,3,2,32,64
726,2018,Texas A&M,7,16,32,86
727,2018,North Carolina,2,32,32,65
728,2018,Villanova,1,1,32,81
729,2018,Alabama,9,32,32,58
730,2018,West Virginia,5,16,32,94
731,2018,Marshall,13,32,32,71
732,2018,Florida,6,32,32,66
733,2018,Texas Tech,3,8,32,69
734,2018,Butler,10,32,32,73
735,2018,Purdue,2,16,32,76
736,2018,Kansas,1,4,32,83
737,2018,Seton Hall,8,32,32,79
738,2018,Clemson,5,16,32,84
739,2018,Auburn,4,32,32,53
740,2018,Syracuse,11,16,32,55
741,2018,Michigan St.,3,32,32,53
742,2018,Rhode Island,7,32,32,62
743,2018,Duke,2,8,32,87
744,2018,Kansas St.,9,8,16,61
745,2018,Kentucky,5,16,16,58
746,2018,Loyola Chicago,11,4,16,69
747,2018,Nevada,7,16,16,68
748,2018,Florida St.,9,8,16,75
749,2018,Gonzaga,4,16,16,60
750,2018,Michigan,3,2,16,99
751,2018,Texas A&M,7,16,16,72
752,2018,Villanova,1,1,16,90
753,2018,West Virginia,5,16,16,78
754,2018,Texas Tech,3,8,16,78
755,2018,Purdue,2,16,16,65
756,2018,Kansas,1,4,16,80
757,2018,Clemson,5,16,16,76
758,2018,Syracuse,11,16,16,65
759,2018,Duke,2,8,16,69
760,2018,Kansas St.,9,8,8,62
761,2018,Loyola Chicago,11,4,8,78
762,2018,Florida St.,9,8,8,54
763,2018,Michigan,3,2,8,58
764,2018,Villanova,1,1,8,71
765,2018,Texas Tech,3,8,8,59
766,2018,Kansas,1,4,8,85
767,2018,Duke,2,8,8,81
768,2018,Loyola Chicago,11,4,4,57
769,2018,Michigan,3,2,4,69
770,2018,Villanova,1,1,4,95
771,2018,Kansas,1,4,4,79
772,2018,Michigan,3,2,2,62
773,2018,Villanova,1,1,2,79
774,2017,Villanova,1,32,64,76
775,2017,Mount St. Mary's,16,64,64,56
776,2017,Wisconsin,8,16,64,84
777,2017,Virginia Tech,9,64,64,74
778,2017,Virginia,5,32,64,76
779,2017,UNC Wilmington,12,64,64,71
780,2017,Florida,4,8,64,80
781,2017,East Tennessee St.,13,64,64,65
782,2017,SMU,6,64,64,65
783,2017,USC,11,32,64,66
784,2017,Baylor,3,16,64,91
785,2017,New Mexico St.,14,64,64,73
786,2017,South Carolina,7,4,64,93
787,2017,Marquette,10,64,64,73
788,2017,Duke,2,32,64,87
789,2017,Troy,15,64,64,65
790,2017,Gonzaga,1,2,64,66
791,2017,South Dakota St.,16,64,64,46
792,2017,Northwestern,8,32,64,68
793,2017,Vanderbilt,9,64,64,66
794,2017,Notre Dame,5,32,64,60
795,2017,Princeton,12,64,64,58
796,2017,West Virginia,4,16,64,86
797,2017,Bucknell,13,64,64,80
798,2017,Maryland,6,64,64,65
799,2017,Xavier,11,8,64,76
800,2017,Florida St.,3,32,64,86
801,2017,Florida Gulf Coast,14,64,64,80
802,2017,Saint Mary's,7,32,64,85
803,2017,VCU,10,64,64,77
804,2017,Arizona,2,16,64,100
805,2017,North Dakota,15,64,64,82
806,2017,Kansas,1,8,64,100
807,2017,UC Davis,16,64,64,62
808,2017,Miami FL,8,64,64,58
809,2017,Michigan St.,9,32,64,78
810,2017,Iowa St.,5,32,64,84
811,2017,Nevada,12,64,64,73
812,2017,Purdue,4,16,64,80
813,2017,Vermont,13,64,64,70
814,2017,Creighton,6,64,64,72
815,2017,Rhode Island,11,32,64,84
816,2017,Oregon,3,4,64,93
817,2017,Iona,14,64,64,77
818,2017,Michigan,7,16,64,92
819,2017,Oklahoma St.,10,64,64,91
820,2017,Louisville,2,32,64,78
821,2017,Jacksonville St.,15,64,64,63
822,2017,North Carolina,1,1,64,103
823,2017,Texas Southern,16,64,64,64
824,2017,Arkansas,8,32,64,77
825,2017,Seton Hall,9,64,64,71
826,2017,Minnesota,5,64,64,72
827,2017,Middle Tennessee,12,32,64,81
828,2017,Butler,4,16,64,76
829,2017,Winthrop,13,64,64,64
830,2017,Cincinnati,6,32,64,75
831,2017,Kansas St.,11,64,64,61
832,2017,UCLA,3,16,64,97
833,2017,Kent St.,14,64,64,80
834,2017,Dayton,7,64,64,58
835,2017,Wichita St.,10,32,64,64
836,2017,Kentucky,2,8,64,79
837,2017,Northern Kentucky,15,64,64,70
838,2017,Villanova,1,32,32,62
839,2017,Wisconsin,8,16,32,65
840,2017,Virginia,5,32,32,39
841,2017,Florida,4,8,32,65
842,2017,USC,11,32,32,78
843,2017,Baylor,3,16,32,82
844,2017,South Carolina,7,4,32,88
845,2017,Duke,2,32,32,81
846,2017,Gonzaga,1,2,32,79
847,2017,Northwestern,8,32,32,73
848,2017,Notre Dame,5,32,32,71
849,2017,West Virginia,4,16,32,83
850,2017,Xavier,11,8,32,91
851,2017,Florida St.,3,32,32,66
852,2017,Saint Mary's,7,32,32,60
853,2017,Arizona,2,16,32,69
854,2017,Kansas,1,8,32,90
855,2017,Michigan St.,9,32,32,70
856,2017,Iowa St.,5,32,32,76
857,2017,Purdue,4,16,32,80
858,2017,Rhode Island,11,32,32,72
859,2017,Oregon,3,4,32,75
860,2017,Michigan,7,16,32,73
861,2017,Louisville,2,32,32,69
862,2017,North Carolina,1,1,32,72
863,2017,Arkansas,8,32,32,65
864,2017,Middle Tennessee,12,32,32,65
865,2017,Butler,4,16,32,74
866,2017,Cincinnati,6,32,32,67
867,2017,UCLA,3,16,32,79
868,2017,Wichita St.,10,32,32,62
869,2017,Kentucky,2,8,32,65
870,2017,Wisconsin,8,16,16,83
871,2017,Florida,4,8,16,84
872,2017,Baylor,3,16,16,50
873,2017,South Carolina,7,4,16,70
874,2017,Gonzaga,1,2,16,61
875,2017,West Virginia,4,16,16,58
876,2017,Xavier,11,8,16,73
877,2017,Arizona,2,16,16,71
878,2017,Kansas,1,8,16,98
879,2017,Purdue,4,16,16,66
880,2017,Oregon,3,4,16,69
881,2017,Michigan,7,16,16,68
882,2017,North Carolina,1,1,16,92
883,2017,Butler,4,16,16,80
884,2017,UCLA,3,16,16,75
885,2017,Kentucky,2,8,16,86
886,2017,Florida,4,8,8,70
887,2017,South Carolina,7,4,8,77
888,2017,Gonzaga,1,2,8,83
889,2017,Xavier,11,8,8,59
890,2017,Kansas,1,8,8,60
891,2017,Oregon,3,4,8,74
892,2017,North Carolina,1,1,8,75
893,2017,Kentucky,2,8,8,73
894,2017,South Carolina,7,4,4,73
895,2017,Gonzaga,1,2,4,77
896,2017,Oregon,3,4,4,76
897,2017,North Carolina,1,1,4,77
898,2017,Gonzaga,1,2,2,65
899,2017,North Carolina,1,1,2,71
900,2016,Kansas,1,8,64,105
901,2016,Austin Peay,16,64,64,79
902,2016,Colorado,8,64,64,67
903,2016,Connecticut,9,32,64,74
904,2016,Maryland,5,16,64,79
905,2016,South Dakota St.,12,64,64,74
906,2016,California,4,64,64,66
907,2016,Hawaii,13,32,64,77
908,2016,Arizona,6,64,64,55
909,2016,Wichita St.,11,32,64,65
910,2016,Miami FL,3,16,64,79
911,2016,Buffalo,14,64,64,72
912,2016,Iowa,7,32,64,72
913,2016,Temple,10,64,64,70
914,2016,Villanova,2,1,64,86
915,2016,UNC Asheville,15,64,64,56
916,2016,Oregon,1,8,64,91
917,2016,Holy Cross,16,64,64,52
918,2016,Saint Joseph's,8,32,64,78
919,2016,Cincinnati,9,64,64,76
920,2016,Baylor,5,64,64,75
921,2016,Yale,12,32,64,79
922,2016,Duke,4,16,64,93
923,2016,UNC Wilmington,13,64,64,85
924,2016,Texas,6,64,64,72
925,2016,Northern Iowa,11,32,64,75
926,2016,Texas A&M,3,16,64,92
927,2016,Green Bay,14,64,64,65
928,2016,Oregon St.,7,64,64,67
929,2016,VCU,10,32,64,75
930,2016,Oklahoma,2,4,64,82
931,2016,Cal St. Bakersfield,15,64,64,68
932,2016,North Carolina,1,2,64,83
933,2016,Florida Gulf Coast,16,64,64,67
934,2016,USC,8,64,64,69
935,2016,Providence,9,32,64,70
936,2016,Indiana,5,16,64,99
937,2016,Chattanooga,12,64,64,74
938,2016,Kentucky,4,32,64,85
939,2016,Stony Brook,13,64,64,57
940,2016,Notre Dame,6,8,64,70
941,2016,Michigan,11,64,64,63
942,2016,West Virginia,3,64,64,56
943,2016,Stephen F. Austin,14,32,64,70
944,2016,Wisconsin,7,16,64,47
945,2016,Pittsburgh,10,64,64,43
946,2016,Xavier,2,32,64,71
947,2016,Weber St.,15,64,64,53
948,2016,Virginia,1,8,64,81
949,2016,Hampton,16,64,64,45
950,2016,Texas Tech,8,64,64,61
951,2016,Butler,9,32,64,71
952,2016,Purdue,5,64,64,83
953,2016,Little Rock,12,32,64,85
954,2016,Iowa St.,4,16,64,94
955,2016,Iona,13,64,64,81
956,2016,Seton Hall,6,64,64,52
957,2016,Gonzaga,11,16,64,68
958,2016,Utah,3,32,64,80
959,2016,Fresno St.,14,64,64,69
960,2016,Dayton,7,64,64,51
961,2016,Syracuse,10,4,64,70
962,2016,Michigan St.,2,64,64,81
963,2016,Middle Tennessee,15,32,64,90
964,2016,Kansas,1,8,32,73
965,2016,Connecticut,9,32,32,61
966,2016,Maryland,5,16,32,73
967,2016,Hawaii,13,32,32,60
968,2016,Wichita St.,11,32,32,57
969,2016,Miami FL,3,16,32,65
970,2016,Iowa,7,32,32,68
971,2016,Villanova,2,1,32,87
972,2016,Oregon,1,8,32,69
973,2016,Saint Joseph's,8,32,32,64
974,2016,Yale,12,32,32,64
975,2016,Duke,4,16,32,71
976,2016,Northern Iowa,11,32,32,88
977,2016,Texas A&M,3,16,32,92
978,2016,VCU,10,32,32,81
979,2016,Oklahoma,2,4,32,85
980,2016,North Carolina,1,2,32,85
981,2016,Providence,9,32,32,66
982,2016,Indiana,5,16,32,73
983,2016,Kentucky,4,32,32,67
984,2016,Notre Dame,6,8,32,76
985,2016,Stephen F. Austin,14,32,32,75
986,2016,Wisconsin,7,16,32,66
987,2016,Xavier,2,32,32,63
988,2016,Virginia,1,8,32,77
989,2016,Butler,9,32,32,69
990,2016,Little Rock,12,32,32,61
991,2016,Iowa St.,4,16,32,78
992,2016,Gonzaga,11,16,32,82
993,2016,Utah,3,32,32,59
994,2016,Syracuse,10,4,32,75
995,2016,Middle Tennessee,15,32,32,50
996,2016,Kansas,1,8,16,79
997,2016,Maryland,5,16,16,63
998,2016,Miami FL,3,16,16,69
999,2016,Villanova,2,1,16,92
1000,2016,Oregon,1,8,16,82
1001,2016,Duke,4,16,16,68
1002,2016,Texas A&M,3,16,16,63
1003,2016,Oklahoma,2,4,16,77
1004,2016,North Carolina,1,2,16,101
1005,2016,Indiana,5,16,16,86
1006,2016,Notre Dame,6,8,16,61
1007,2016,Wisconsin,7,16,16,56
1008,2016,Virginia,1,8,16,84
1009,2016,Iowa St.,4,16,16,71
1010,2016,Gonzaga,11,16,16,60
1011,2016,Syracuse,10,4,16,63
1012,2016,Kansas,1,8,8,59
1013,2016,Villanova,2,1,8,64
1014,2016,Oregon,1,8,8,68
1015,2016,Oklahoma,2,4,8,80
1016,2016,North Carolina,1,2,8,88
1017,2016,Notre Dame,6,8,8,74
1018,2016,Virginia,1,8,8,62
1019,2016,Syracuse,10,4,8,68
1020,2016,Villanova,2,1,4,95
1021,2016,Oklahoma,2,4,4,51
1022,2016,North Carolina,1,2,4,83
1023,2016,Syracuse,10,4,4,66
1024,2016,Villanova,2,1,2,77
1025,2016,North Carolina,1,2,2,74
1026,2015,Kentucky,1,4,64,79
1027,2015,Hampton,16,64,64,56
1028,2015,Cincinnati,8,32,64,66
1029,2015,Purdue,9,64,64,65
1030,2015,West Virginia,5,16,64,68
1031,2015,Buffalo,12,64,64,62
1032,2015,Maryland,4,32,64,65
1033,2015,Valparaiso,13,64,64,62
1034,2015,Butler,6,32,64,56
1035,2015,Texas,11,64,64,48
1036,2015,Notre Dame,3,8,64,69
1037,2015,Northeastern,14,64,64,65
1038,2015,Wichita St.,7,16,64,81
1039,2015,Indiana,10,64,64,76
1040,2015,Kansas,2,32,64,75
1041,2015,New Mexico St.,15,64,64,56
1042,2015,Wisconsin,1,2,64,86
1043,2015,Coastal Carolina,16,64,64,72
1044,2015,Oregon,8,32,64,79
1045,2015,Oklahoma St.,9,64,64,73
1046,2015,Arkansas,5,32,64,56
1047,2015,Wofford,12,64,64,53
1048,2015,North Carolina,4,16,64,67
1049,2015,Harvard,13,64,64,65
1050,2015,Xavier,6,16,64,76
1051,2015,Mississippi,11,64,64,57
1052,2015,Baylor,3,64,64,56
1053,2015,Georgia St.,14,32,64,57
1054,2015,VCU,7,64,64,72
1055,2015,Ohio St.,10,32,64,75
1056,2015,Arizona,2,8,64,93
1057,2015,Texas Southern,15,64,64,72
1058,2015,Villanova,1,32,64,93
1059,2015,Lafayette,16,64,64,52
1060,2015,North Carolina St.,8,16,64,66
1061,2015,LSU,9,64,64,65
1062,2015,Northern Iowa,5,32,64,71
1063,2015,Wyoming,12,64,64,54
1064,2015,Louisville,4,8,64,57
1065,2015,UC Irvine,13,64,64,55
1066,2015,Providence,6,64,64,53
1067,2015,Dayton,11,32,64,66
1068,2015,Oklahoma,3,16,64,69
1069,2015,Albany,14,64,64,60
1070,2015,Michigan St.,7,4,64,70
1071,2015,Georgia,10,64,64,63
1072,2015,Virginia,2,32,64,79
1073,2015,Belmont,15,64,64,67
1074,2015,Duke,1,1,64,85
1075,2015,Robert Morris,16,64,64,56
1076,2015,San Diego St.,8,32,64,76
1077,2015,St. John's,9,64,64,64
1078,2015,Utah,5,16,64,57
1079,2015,Stephen F. Austin,12,64,64,50
1080,2015,Georgetown,4,32,64,84
1081,2015,Eastern Washington,13,64,64,74
1082,2015,SMU,6,64,64,59
1083,2015,UCLA,11,16,64,60
1084,2015,Iowa St.,3,64,64,59
1085,2015,UAB,14,32,64,60
1086,2015,Iowa,7,32,64,83
1087,2015,Davidson,10,64,64,52
1088,2015,Gonzaga,2,8,64,86
1089,2015,North Dakota St.,15,64,64,76
1090,2015,Kentucky,1,4,32,64
1091,2015,Cincinnati,8,32,32,51
1092,2015,West Virginia,5,16,32,69
1093,2015,Maryland,4,32,32,59
1094,2015,Butler,6,32,32,64
1095,2015,Notre Dame,3,8,32,67
1096,2015,Wichita St.,7,16,32,78
1097,2015,Kansas,2,32,32,65
1098,2015,Wisconsin,1,2,32,72
1099,2015,Oregon,8,32,32,65
1100,2015,Arkansas,5,32,32,78
1101,2015,North Carolina,4,16,32,87
1102,2015,Xavier,6,16,32,75
1103,2015,Georgia St.,14,32,32,67
1104,2015,Ohio St.,10,32,32,58
1105,2015,Arizona,2,8,32,73
1106,2015,Villanova,1,32,32,68
1107,2015,North Carolina St.,8,16,32,71
1108,2015,Northern Iowa,5,32,32,53
1109,2015,Louisville,4,8,32,66
1110,2015,Dayton,11,32,32,66
1111,2015,Oklahoma,3,16,32,72
1112,2015,Michigan St.,7,4,32,60
1113,2015,Virginia,2,32,32,54
1114,2015,Duke,1,1,32,68
1115,2015,San Diego St.,8,32,32,49
1116,2015,Utah,5,16,32,75
1117,2015,Georgetown,4,32,32,64
1118,2015,UCLA,11,16,32,92
1119,2015,UAB,14,32,32,75
1120,2015,Iowa,7,32,32,68
1121,2015,Gonzaga,2,8,32,87
1122,2015,Kentucky,1,4,16,78
1123,2015,West Virginia,5,16,16,39
1124,2015,Notre Dame,3,8,16,81
1125,2015,Wichita St.,7,16,16,70
1126,2015,Wisconsin,1,2,16,79
1127,2015,North Carolina,4,16,16,72
1128,2015,Xavier,6,16,16,60
1129,2015,Arizona,2,8,16,68
1130,2015,North Carolina St.,8,16,16,65
1131,2015,Louisville,4,8,16,75
1132,2015,Oklahoma,3,16,16,58
1133,2015,Michigan St.,7,4,16,62
1134,2015,Duke,1,1,16,63
1135,2015,Utah,5,16,16,57
1136,2015,UCLA,11,16,16,62
1137,2015,Gonzaga,2,8,16,74
1138,2015,Kentucky,1,4,8,68
1139,2015,Notre Dame,3,8,8,66
1140,2015,Wisconsin,1,2,8,85
1141,2015,Arizona,2,8,8,78
1142,2015,Louisville,4,8,8,70
1143,2015,Michigan St.,7,4,8,76
1144,2015,Duke,1,1,8,66
1145,2015,Gonzaga,2,8,8,52
1146,2015,Kentucky,1,4,4,64
1147,2015,Wisconsin,1,2,4,71
1148,2015,Michigan St.,7,4,4,61
1149,2015,Duke,1,1,4,81
1150,2015,Wisconsin,1,2,2,63
1151,2015,Duke,1,1,2,68
1152,2014,Florida,1,4,64,67
1153,2014,Albany,16,64,64,55
1154,2014,Colorado,8,64,64,48
1155,2014,Pittsburgh,9,32,64,77
1156,2014,VCU,5,64,64,75
1157,2014,Stephen F. Austin,12,32,64,77
1158,2014,UCLA,4,16,64,76
1159,2014,Tulsa,13,64,64,59
1160,2014,Ohio St.,6,64,64,59
1161,2014,Dayton,11,8,64,60
1162,2014,Syracuse,3,32,64,77
1163,2014,Western Michigan,14,64,64,53
1164,2014,New Mexico,7,64,64,53
1165,2014,Stanford,10,16,64,58
1166,2014,Kansas,2,32,64,80
1167,2014,Eastern Kentucky,15,64,64,69
1168,2014,Virginia,1,16,64,70
1169,2014,Coastal Carolina,16,64,64,59
1170,2014,Memphis,8,32,64,71
1171,2014,George Washington,9,64,64,66
1172,2014,Cincinnati,5,64,64,57
1173,2014,Harvard,12,32,64,61
1174,2014,Michigan St.,4,8,64,93
1175,2014,Delaware,13,64,64,78
1176,2014,North Carolina,6,32,64,79
1177,2014,Providence,11,64,64,77
1178,2014,Iowa St.,3,16,64,93
1179,2014,North Carolina Central,14,64,64,75
1180,2014,Connecticut,7,1,64,89
1181,2014,Saint Joseph's,10,64,64,81
1182,2014,Villanova,2,32,64,73
1183,2014,Milwaukee,15,64,64,53
1184,2014,Arizona,1,8,64,68
1185,2014,Weber St.,16,64,64,59
1186,2014,Gonzaga,8,32,64,85
1187,2014,Oklahoma St.,9,64,64,77
1188,2014,Oklahoma,5,64,64,75
1189,2014,North Dakota St.,12,32,64,80
1190,2014,San Diego St.,4,16,64,73
1191,2014,New Mexico St.,13,64,64,69
1192,2014,Baylor,6,16,64,74
1193,2014,Nebraska,11,64,64,60
1194,2014,Creighton,3,32,64,76
1195,2014,Louisiana Lafayette,14,64,64,66
1196,2014,Oregon,7,32,64,87
1197,2014,BYU,10,64,64,68
1198,2014,Wisconsin,2,4,64,75
1199,2014,American,15,64,64,35
1200,2014,Wichita St.,1,32,64,64
1201,2014,Cal Poly,16,64,64,37
1202,2014,Kentucky,8,2,64,56
1203,2014,Kansas St.,9,64,64,49
1204,2014,Saint Louis,5,32,64,83
1205,2014,North Carolina St.,12,64,64,80
1206,2014,Louisville,4,16,64,71
1207,2014,Manhattan,13,64,64,64
1208,2014,Massachusetts,6,64,64,67
1209,2014,Tennessee,11,16,64,86
1210,2014,Duke,3,64,64,71
1211,2014,Mercer,14,32,64,78
1212,2014,Texas,7,32,64,87
1213,2014,Arizona St.,10,64,64,85
1214,2014,Michigan,2,8,64,57
1215,2014,Wofford,15,64,64,40
1216,2014,Florida,1,4,32,61
1217,2014,Pittsburgh,9,32,32,45
1218,2014,Stephen F. Austin,12,32,32,60
1219,2014,UCLA,4,16,32,77
1220,2014,Dayton,11,8,32,55
1221,2014,Syracuse,3,32,32,53
1222,2014,Stanford,10,16,32,60
1223,2014,Kansas,2,32,32,57
1224,2014,Virginia,1,16,32,78
1225,2014,Memphis,8,32,32,60
1226,2014,Harvard,12,32,32,73
1227,2014,Michigan St.,4,8,32,80
1228,2014,North Carolina,6,32,32,83
1229,2014,Iowa St.,3,16,32,85
1230,2014,Connecticut,7,1,32,77
1231,2014,Villanova,2,32,32,65
1232,2014,Arizona,1,8,32,84
1233,2014,Gonzaga,8,32,32,61
1234,2014,North Dakota St.,12,32,32,44
1235,2014,San Diego St.,4,16,32,63
1236,2014,Baylor,6,16,32,85
1237,2014,Creighton,3,32,32,55
1238,2014,Oregon,7,32,32,77
1239,2014,Wisconsin,2,4,32,85
1240,2014,Wichita St.,1,32,32,76
1241,2014,Kentucky,8,2,32,78
1242,2014,Saint Louis,5,32,32,51
1243,2014,Louisville,4,16,32,66
1244,2014,Tennessee,11,16,32,83
1245,2014,Mercer,14,32,32,63
1246,2014,Texas,7,32,32,65
1247,2014,Michigan,2,8,32,79
1248,2014,Florida,1,4,16,79
1249,2014,UCLA,4,16,16,68
1250,2014,Dayton,11,8,16,82
1251,2014,Stanford,10,16,16,72
1252,2014,Virginia,1,16,16,59
1253,2014,Michigan St.,4,8,16,61
1254,2014,Iowa St.,3,16,16,76
1255,2014,Connecticut,7,1,16,81
1256,2014,Arizona,1,8,16,70
1257,2014,San Diego St.,4,16,16,64
1258,2014,Baylor,6,16,16,52
1259,2014,Wisconsin,2,4,16,69
1260,2014,Kentucky,8,2,16,74
1261,2014,Louisville,4,16,16,69
1262,2014,Tennessee,11,16,16,71
1263,2014,Michigan,2,8,16,73
1264,2014,Florida,1,4,8,62
1265,2014,Dayton,11,8,8,52
1266,2014,Michigan St.,4,8,8,54
1267,2014,Connecticut,7,1,8,60
1268,2014,Arizona,1,8,8,63
1269,2014,Wisconsin,2,4,8,64
1270,2014,Kentucky,8,2,8,75
1271,2014,Michigan,2,8,8,72
1272,2014,Florida,1,4,4,53
1273,2014,Connecticut,7,1,4,63
1274,2014,Wisconsin,2,4,4,73
1275,2014,Kentucky,8,2,4,74
1276,2014,Connecticut,7,1,2,60
1277,2014,Kentucky,8,2,2,54
1278,2013,Louisville,1,1,64,79
1279,2013,North Carolina A&T,16,64,64,48
1280,2013,Colorado St.,8,32,64,84
1281,2013,Missouri,9,64,64,72
1282,2013,Oklahoma St.,5,64,64,55
1283,2013,Oregon,12,16,64,68
1284,2013,Saint Louis,4,32,64,64
1285,2013,New Mexico St.,13,64,64,44
1286,2013,Memphis,6,32,64,54
1287,2013,Saint Mary's,11,64,64,52
1288,2013,Michigan St.,3,16,64,65
1289,2013,Valparaiso,14,64,64,54
1290,2013,Creighton,7,32,64,67
1291,2013,Cincinnati,10,64,64,63
1292,2013,Duke,2,8,64,73
1293,2013,Albany,15,64,64,61
1294,2013,Gonzaga,1,32,64,64
1295,2013,Southern,16,64,64,58
1296,2013,Pittsburgh,8,64,64,55
1297,2013,Wichita St.,9,4,64,73
1298,2013,Wisconsin,5,64,64,46
1299,2013,Mississippi,12,32,64,57
1300,2013,Kansas St.,4,64,64,61
1301,2013,La Salle,13,16,64,63
1302,2013,Arizona,6,16,64,81
1303,2013,Belmont,11,64,64,64
1304,2013,New Mexico,3,64,64,62
1305,2013,Harvard,14,32,64,68
1306,2013,Notre Dame,7,64,64,58
1307,2013,Iowa St.,10,32,64,76
1308,2013,Ohio St.,2,8,64,95
1309,2013,Iona,15,64,64,70
1310,2013,Kansas,1,16,64,64
1311,2013,Western Kentucky,16,64,64,57
1312,2013,North Carolina,8,32,64,78
1313,2013,Villanova,9,64,64,71
1314,2013,VCU,5,32,64,88
1315,2013,Akron,12,64,64,42
1316,2013,Michigan,4,2,64,71
1317,2013,South Dakota St.,13,64,64,56
1318,2013,UCLA,6,64,64,63
1319,2013,Minnesota,11,32,64,83
1320,2013,Florida,3,8,64,79
1321,2013,Northwestern St.,14,64,64,47
1322,2013,San Diego St.,7,32,64,70
1323,2013,Oklahoma,10,64,64,55
1324,2013,Georgetown,2,64,64,68
1325,2013,Florida Gulf Coast,15,16,64,78
1326,2013,Indiana,1,16,64,83
1327,2013,James Madison,16,64,64,62
1328,2013,North Carolina St.,8,64,64,72
1329,2013,Temple,9,32,64,76
1330,2013,UNLV,5,64,64,61
1331,2013,California,12,32,64,64
1332,2013,Syracuse,4,4,64,81
1333,2013,Montana,13,64,64,34
1334,2013,Butler,6,32,64,68
1335,2013,Bucknell,11,64,64,56
1336,2013,Marquette,3,8,64,59
1337,2013,Davidson,14,64,64,58
1338,2013,Illinois,7,32,64,57
1339,2013,Colorado,10,64,64,49
1340,2013,Miami FL,2,16,64,78
1341,2013,Pacific,15,64,64,49
1342,2013,Louisville,1,1,32,82
1343,2013,Colorado St.,8,32,32,56
1344,2013,Oregon,12,16,32,74
1345,2013,Saint Louis,4,32,32,57
1346,2013,Memphis,6,32,32,48
1347,2013,Michigan St.,3,16,32,70
1348,2013,Creighton,7,32,32,50
1349,2013,Duke,2,8,32,66
1350,2013,Gonzaga,1,32,32,70
1351,2013,Wichita St.,9,4,32,76
1352,2013,Mississippi,12,32,32,74
1353,2013,La Salle,13,16,32,76
1354,2013,Arizona,6,16,32,74
1355,2013,Harvard,14,32,32,51
1356,2013,Iowa St.,10,32,32,75
1357,2013,Ohio St.,2,8,32,78
1358,2013,Kansas,1,16,32,70
1359,2013,North Carolina,8,32,32,58
1360,2013,VCU,5,32,32,53
1361,2013,Michigan,4,2,32,78
1362,2013,Minnesota,11,32,32,64
1363,2013,Florida,3,8,32,78
1364,2013,San Diego St.,7,32,32,71
1365,2013,Florida Gulf Coast,15,16,32,81
1366,2013,Indiana,1,16,32,58
1367,2013,Temple,9,32,32,52
1368,2013,California,12,32,32,60
1369,2013,Syracuse,4,4,32,66
1370,2013,Butler,6,32,32,72
1371,2013,Marquette,3,8,32,74
1372,2013,Illinois,7,32,32,59
1373,2013,Miami FL,2,16,32,63
1374,2013,Louisville,1,1,16,77
1375,2013,Oregon,12,16,16,69
1376,2013,Michigan St.,3,16,16,61
1377,2013,Duke,2,8,16,71
1378,2013,Wichita St.,9,4,16,72
1379,2013,La Salle,13,16,16,58
1380,2013,Arizona,6,16,16,70
1381,2013,Ohio St.,2,8,16,73
1382,2013,Kansas,1,16,16,85
1383,2013,Michigan,4,2,16,87
1384,2013,Florida,3,8,16,62
1385,2013,Florida Gulf Coast,15,16,16,50
1386,2013,Indiana,1,16,16,50
1387,2013,Syracuse,4,4,16,61
1388,2013,Marquette,3,8,16,71
1389,2013,Miami FL,2,16,16,61
1390,2013,Louisville,1,1,8,85
1391,2013,Duke,2,8,8,63
1392,2013,Wichita St.,9,4,8,70
1393,2013,Ohio St.,2,8,8,66
1394,2013,Michigan,4,2,8,79
1395,2013,Florida,3,8,8,59
1396,2013,Syracuse,4,4,8,55
1397,2013,Marquette,3,8,8,39
1398,2013,Louisville,1,1,4,72
1399,2013,Wichita St.,9,4,4,68
1400,2013,Michigan,4,2,4,61
1401,2013,Syracuse,4,4,4,56
1402,2013,Louisville,1,1,2,82
1403,2013,Michigan,4,2,2,76
1404,2012,Kentucky,1,1,64,81
1405,2012,Western Kentucky,16,64,64,66
1406,2012,Iowa St.,8,32,64,77
1407,2012,Connecticut,9,64,64,64
1408,2012,Wichita St.,5,64,64,59
1409,2012,VCU,12,32,64,62
1410,2012,Indiana,4,16,64,79
1411,2012,New Mexico St.,13,64,64,66
1412,2012,UNLV,6,64,64,64
1413,2012,Colorado,11,32,64,68
1414,2012,Baylor,3,8,64,68
1415,2012,South Dakota St.,14,64,64,60
1416,2012,Notre Dame,7,64,64,63
1417,2012,Xavier,10,16,64,67
1418,2012,Duke,2,64,64,70
1419,2012,Lehigh,15,32,64,75
1420,2012,Michigan St.,1,16,64,89
1421,2012,LIU Brooklyn,16,64,64,67
1422,2012,Memphis,8,64,64,54
1423,2012,Saint Louis,9,32,64,61
1424,2012,New Mexico,5,32,64,75
1425,2012,Long Beach St.,12,64,64,68
1426,2012,Louisville,4,4,64,69
1427,2012,Davidson,13,64,64,62
1428,2012,Murray St.,6,32,64,58
1429,2012,Colorado St.,11,64,64,41
1430,2012,Marquette,3,16,64,88
1431,2012,BYU,14,64,64,68
1432,2012,Florida,7,8,64,71
1433,2012,Virginia,10,64,64,45
1434,2012,Missouri,2,64,64,84
1435,2012,Norfolk St.,15,32,64,86
1436,2012,Syracuse,1,8,64,72
1437,2012,UNC Asheville,16,64,64,65
1438,2012,Kansas St.,8,32,64,70
1439,2012,Southern Miss,9,64,64,64
1440,2012,Vanderbilt,5,32,64,79
1441,2012,Harvard,12,64,64,70
1442,2012,Wisconsin,4,16,64,73
1443,2012,Montana,13,64,64,49
1444,2012,Cincinnati,6,16,64,65
1445,2012,Texas,11,64,64,59
1446,2012,Florida St.,3,32,64,66
1447,2012,St. Bonaventure,14,64,64,63
1448,2012,Gonzaga,7,32,64,77
1449,2012,West Virginia,10,64,64,54
1450,2012,Ohio St.,2,4,64,78
1451,2012,Loyola MD,15,64,64,59
1452,2012,North Carolina,1,8,64,77
1453,2012,Vermont,16,64,64,58
1454,2012,Creighton,8,32,64,58
1455,2012,Alabama,9,64,64,57
1456,2012,Temple,5,64,64,44
1457,2012,South Florida,12,32,64,58
1458,2012,Michigan,4,64,64,60
1459,2012,Ohio,13,16,64,65
1460,2012,San Diego St.,6,64,64,65
1461,2012,North Carolina St.,11,16,64,79
1462,2012,Georgetown,3,32,64,74
1463,2012,Belmont,14,64,64,59
1464,2012,Saint Mary's,7,64,64,69
1465,2012,Purdue,10,32,64,72
1466,2012,Kansas,2,2,64,65
1467,2012,Detroit,15,64,64,50
1468,2012,Kentucky,1,1,32,87
1469,2012,Iowa St.,8,32,32,71
1470,2012,VCU,12,32,32,61
1471,2012,Indiana,4,16,32,63
1472,2012,Colorado,11,32,32,63
1473,2012,Baylor,3,8,32,80
1474,2012,Xavier,10,16,32,70
1475,2012,Lehigh,15,32,32,58
1476,2012,Michigan St.,1,16,32,65
1477,2012,Saint Louis,9,32,32,61
1478,2012,New Mexico,5,32,32,56
1479,2012,Louisville,4,4,32,59
1480,2012,Murray St.,6,32,32,53
1481,2012,Marquette,3,16,32,62
1482,2012,Florida,7,8,32,84
1483,2012,Norfolk St.,15,32,32,50
1484,2012,Syracuse,1,8,32,75
1485,2012,Kansas St.,8,32,32,59
1486,2012,Vanderbilt,5,32,32,57
1487,2012,Wisconsin,4,16,32,60
1488,2012,Cincinnati,6,16,32,62
1489,2012,Florida St.,3,32,32,56
1490,2012,Gonzaga,7,32,32,66
1491,2012,Ohio St.,2,4,32,73
1492,2012,North Carolina,1,8,32,87
1493,2012,Creighton,8,32,32,73
1494,2012,South Florida,12,32,32,56
1495,2012,Ohio,13,16,32,62
1496,2012,North Carolina St.,11,16,32,66
1497,2012,Georgetown,3,32,32,63
1498,2012,Purdue,10,32,32,60
1499,2012,Kansas,2,2,32,63
1500,2012,Kentucky,1,1,16,102
1501,2012,Indiana,4,16,16,90
1502,2012,Baylor,3,8,16,75
1503,2012,Xavier,10,16,16,70
1504,2012,Michigan St.,1,16,16,44
1505,2012,Louisville,4,4,16,57
1506,2012,Marquette,3,16,16,58
1507,2012,Florida,7,8,16,68
1508,2012,Syracuse,1,8,16,64
1509,2012,Wisconsin,4,16,16,63
1510,2012,Cincinnati,6,16,16,66
1511,2012,Ohio St.,2,4,16,81
1512,2012,North Carolina,1,8,16,73
1513,2012,Ohio,13,16,16,65
1514,2012,North Carolina St.,11,16,16,57
1515,2012,Kansas,2,2,16,60
1516,2012,Kentucky,1,1,8,82
1517,2012,Baylor,3,8,8,70
1518,2012,Louisville,4,4,8,72
1519,2012,Florida,7,8,8,68
1520,2012,Syracuse,1,8,8,70
1521,2012,Ohio St.,2,4,8,77
1522,2012,North Carolina,1,8,8,67
1523,2012,Kansas,2,2,8,80
1524,2012,Kentucky,1,1,4,69
1525,2012,Louisville,4,4,4,61
1526,2012,Ohio St.,2,4,4,62
1527,2012,Kansas,2,2,4,64
1528,2012,Kentucky,1,1,2,67
1529,2012,Kansas,2,2,2,59
1530,2011,Ohio St.,1,16,64,75
1531,2011,UTSA,16,64,64,46
1532,2011,George Mason,8,32,64,61
1533,2011,Villanova,9,64,64,57
1534,2011,West Virginia,5,32,64,84
1535,2011,Clemson,12,64,64,76
1536,2011,Kentucky,4,4,64,59
1537,2011,Princeton,13,64,64,57
1538,2011,Xavier,6,64,64,55
1539,2011,Marquette,11,16,64,66
1540,2011,Syracuse,3,32,64,77
1541,2011,Indiana St.,14,64,64,60
1542,2011,Washington,7,32,64,68
1543,2011,Georgia,10,64,64,65
1544,2011,North Carolina,2,8,64,102
1545,2011,LIU Brooklyn,15,64,64,87
1546,2011,Duke,1,16,64,87
1547,2011,Hampton,16,64,64,45
1548,2011,Michigan,8,32,64,75
1549,2011,Tennessee,9,64,64,45
1550,2011,Arizona,5,8,64,77
1551,2011,Memphis,12,64,64,75
1552,2011,Texas,4,32,64,85
1553,2011,Oakland,13,64,64,81
1554,2011,Cincinnati,6,32,64,78
1555,2011,Missouri,11,64,64,63
1556,2011,Connecticut,3,1,64,81
1557,2011,Bucknell,14,64,64,52
1558,2011,Temple,7,32,64,66
1559,2011,Penn St.,10,64,64,64
1560,2011,San Diego St.,2,16,64,68
1561,2011,Northern Colorado,15,64,64,50
1562,2011,Kansas,1,8,64,72
1563,2011,Boston University,16,64,64,53
1564,2011,UNLV,8,64,64,62
1565,2011,Illinois,9,32,64,73
1566,2011,Vanderbilt,5,64,64,66
1567,2011,Richmond,12,16,64,69
1568,2011,Louisville,4,64,64,61
1569,2011,Morehead St.,13,32,64,62
1570,2011,Georgetown,6,64,64,56
1571,2011,VCU,11,4,64,74
1572,2011,Purdue,3,32,64,65
1573,2011,Saint Peter's,14,64,64,43
1574,2011,Texas A&M,7,64,64,50
1575,2011,Florida St.,10,16,64,57
1576,2011,Notre Dame,2,32,64,69
1577,2011,Akron,15,64,64,56
1578,2011,Pittsburgh,1,32,64,74
1579,2011,UNC Asheville,16,64,64,51
1580,2011,Butler,8,2,64,60
1581,2011,Old Dominion,9,64,64,58
1582,2011,Kansas St.,5,32,64,73
1583,2011,Utah St.,12,64,64,68
1584,2011,Wisconsin,4,16,64,72
1585,2011,Belmont,13,64,64,58
1586,2011,St. John's,6,64,64,71
1587,2011,Gonzaga,11,32,64,86
1588,2011,BYU,3,16,64,74
1589,2011,Wofford,14,64,64,66
1590,2011,UCLA,7,32,64,78
1591,2011,Michigan St.,10,64,64,76
1592,2011,Florida,2,8,64,79
1593,2011,UC Santa Barbara,15,64,64,51
1594,2011,Ohio St.,1,16,32,98
1595,2011,George Mason,8,32,32,66
1596,2011,West Virginia,5,32,32,63
1597,2011,Kentucky,4,4,32,71
1598,2011,Marquette,11,16,32,66
1599,2011,Syracuse,3,32,32,62
1600,2011,Washington,7,32,32,83
1601,2011,North Carolina,2,8,32,86
1602,2011,Duke,1,16,32,73
1603,2011,Michigan,8,32,32,71
1604,2011,Arizona,5,8,32,70
1605,2011,Texas,4,32,32,69
1606,2011,Cincinnati,6,32,32,58
1607,2011,Connecticut,3,1,32,69
1608,2011,Temple,7,32,32,64
1609,2011,San Diego St.,2,16,32,71
1610,2011,Kansas,1,8,32,73
1611,2011,Illinois,9,32,32,59
1612,2011,Richmond,12,16,32,65
1613,2011,Morehead St.,13,32,32,48
1614,2011,VCU,11,4,32,94
1615,2011,Purdue,3,32,32,76
1616,2011,Florida St.,10,16,32,71
1617,2011,Notre Dame,2,32,32,57
1618,2011,Pittsburgh,1,32,32,70
1619,2011,Butler,8,2,32,71
1620,2011,Kansas St.,5,32,32,65
1621,2011,Wisconsin,4,16,32,70
1622,2011,Gonzaga,11,32,32,67
1623,2011,BYU,3,16,32,89
1624,2011,UCLA,7,32,32,65
1625,2011,Florida,2,8,32,73
1626,2011,Ohio St.,1,16,16,60
1627,2011,Kentucky,4,4,16,62
1628,2011,Marquette,11,16,16,63
1629,2011,North Carolina,2,8,16,81
1630,2011,Duke,1,16,16,77
1631,2011,Arizona,5,8,16,93
1632,2011,Connecticut,3,1,16,74
1633,2011,San Diego St.,2,16,16,67
1634,2011,Kansas,1,8,16,77
1635,2011,Richmond,12,16,16,57
1636,2011,VCU,11,4,16,72
1637,2011,Florida St.,10,16,16,71
1638,2011,Butler,8,2,16,61
1639,2011,Wisconsin,4,16,16,54
1640,2011,BYU,3,16,16,74
1641,2011,Florida,2,8,16,83
1642,2011,Kentucky,4,4,8,76
1643,2011,North Carolina,2,8,8,69
1644,2011,Arizona,5,8,8,63
1645,2011,Connecticut,3,1,8,65
1646,2011,Kansas,1,8,8,61
1647,2011,VCU,11,4,8,71
1648,2011,Butler,8,2,8,74
1649,2011,Florida,2,8,8,71
1650,2011,Kentucky,4,4,4,55
1651,2011,Connecticut,3,1,4,56
1652,2011,VCU,11,4,4,62
1653,2011,Butler,8,2,4,70
1654,2011,Connecticut,3,1,2,53
1655,2011,Butler,8,2,2,41
1656,2010,Kansas,1,32,64,90
1657,2010,Lehigh,16,64,64,74
1658,2010,UNLV,8,64,64,66
1659,2010,Northern Iowa,9,16,64,69
1660,2010,Michigan St.,5,4,64,70
1661,2010,New Mexico St.,12,64,64,67
1662,2010,Maryland,4,32,64,89
1663,2010,Houston,13,64,64,77
1664,2010,Tennessee,6,8,64,62
1665,2010,San Diego St.,11,64,64,59
1666,2010,Georgetown,3,64,64,83
1667,2010,Ohio,14,32,64,97
1668,2010,Oklahoma St.,7,64,64,59
1669,2010,Georgia Tech,10,32,64,64
1670,2010,Ohio St.,2,16,64,68
1671,2010,UC Santa Barbara,15,64,64,51
1672,2010,Syracuse,1,16,64,79
1673,2010,Vermont,16,64,64,56
1674,2010,Gonzaga,8,32,64,67
1675,2010,Florida St.,9,64,64,60
1676,2010,Butler,5,2,64,77
1677,2010,UTEP,12,64,64,59
1678,2010,Vanderbilt,4,64,64,65
1679,2010,Murray St.,13,32,64,66
1680,2010,Xavier,6,16,64,65
1681,2010,Minnesota,11,64,64,54
1682,2010,Pittsburgh,3,32,64,89
1683,2010,Oakland,14,64,64,66
1684,2010,BYU,7,32,64,99
1685,2010,Florida,10,64,64,92
1686,2010,Kansas St.,2,8,64,82
1687,2010,North Texas,15,64,64,62
1688,2010,Kentucky,1,8,64,100
1689,2010,East Tennessee St.,16,64,64,71
1690,2010,Texas,8,64,64,80
1691,2010,Wake Forest,9,32,64,81
1692,2010,Temple,5,64,64,65
1693,2010,Cornell,12,16,64,78
1694,2010,Wisconsin,4,32,64,53
1695,2010,Wofford,13,64,64,49
1696,2010,Marquette,6,64,64,78
1697,2010,Washington,11,16,64,80
1698,2010,New Mexico,3,32,64,62
1699,2010,Montana,14,64,64,57
1700,2010,Clemson,7,64,64,78
1701,2010,Missouri,10,32,64,86
1702,2010,West Virginia,2,4,64,77
1703,2010,Morgan St.,15,64,64,50
1704,2010,Duke,1,1,64,73
1705,2010,Arkansas Pine Bluff,16,64,64,44
1706,2010,California,8,32,64,77
1707,2010,Louisville,9,64,64,62
1708,2010,Texas A&M,5,32,64,69
1709,2010,Utah St.,12,64,64,53
1710,2010,Purdue,4,16,64,72
1711,2010,Siena,13,64,64,64
1712,2010,Notre Dame,6,64,64,50
1713,2010,Old Dominion,11,32,64,51
1714,2010,Baylor,3,8,64,68
1715,2010,Sam Houston St.,14,64,64,59
1716,2010,Richmond,7,64,64,71
1717,2010,Saint Mary's,10,16,64,80
1718,2010,Villanova,2,32,64,73
1719,2010,Robert Morris,15,64,64,70
1720,2010,Kansas,1,32,32,67
1721,2010,Northern Iowa,9,16,32,69
1722,2010,Michigan St.,5,4,32,85
1723,2010,Maryland,4,32,32,83
1724,2010,Tennessee,6,8,32,83
1725,2010,Ohio,14,32,32,68
1726,2010,Georgia Tech,10,32,32,66
1727,2010,Ohio St.,2,16,32,75
1728,2010,Syracuse,1,16,32,87
1729,2010,Gonzaga,8,32,32,65
1730,2010,Butler,5,2,32,54
1731,2010,Murray St.,13,32,32,52
1732,2010,Xavier,6,16,32,71
1733,2010,Pittsburgh,3,32,32,68
1734,2010,BYU,7,32,32,72
1735,2010,Kansas St.,2,8,32,84
1736,2010,Kentucky,1,8,32,90
1737,2010,Wake Forest,9,32,32,60
1738,2010,Cornell,12,16,32,87
1739,2010,Wisconsin,4,32,32,69
1740,2010,Washington,11,16,32,82
1741,2010,New Mexico,3,32,32,64
1742,2010,Missouri,10,32,32,59
1743,2010,West Virginia,2,4,32,68
1744,2010,Duke,1,1,32,68
1745,2010,California,8,32,32,53
1746,2010,Texas A&M,5,32,32,61
1747,2010,Purdue,4,16,32,63
1748,2010,Old Dominion,11,32,32,68
1749,2010,Baylor,3,8,32,76
1750,2010,Saint Mary's,10,16,32,75
1751,2010,Villanova,2,32,32,68
1752,2010,Northern Iowa,9,16,16,52
1753,2010,Michigan St.,5,4,16,59
1754,2010,Tennessee,6,8,16,76
1755,2010,Ohio St.,2,16,16,73
1756,2010,Syracuse,1,16,16,59
1757,2010,Butler,5,2,16,63
1758,2010,Xavier,6,16,16,96
1759,2010,Kansas St.,2,8,16,101
1760,2010,Kentucky,1,8,16,62
1761,2010,Cornell,12,16,16,45
1762,2010,Washington,11,16,16,56
1763,2010,West Virginia,2,4,16,69
1764,2010,Duke,1,1,16,70
1765,2010,Purdue,4,16,16,57
1766,2010,Baylor,3,8,16,72
1767,2010,Saint Mary's,10,16,16,49
1768,2010,Michigan St.,5,4,8,70
1769,2010,Tennessee,6,8,8,69
1770,2010,Butler,5,2,8,63
1771,2010,Kansas St.,2,8,8,56
1772,2010,Kentucky,1,8,8,66
1773,2010,West Virginia,2,4,8,73
1774,2010,Duke,1,1,8,78
1775,2010,Baylor,3,8,8,71
1776,2010,Michigan St.,5,4,4,50
1777,2010,Butler,5,2,4,52
1778,2010,West Virginia,2,4,4,57
1779,2010,Duke,1,1,4,78
1780,2010,Butler,5,2,2,59
1781,2010,Duke,1,1,2,61
1782,2009,Louisville,1,8,64,74
1783,2009,Morehead St.,16,64,64,54
1784,2009,Ohio St.,8,64,64,72
1785,2009,Siena,9,32,64,74
1786,2009,Utah,5,64,64,71
1787,2009,Arizona,12,16,64,84
1788,2009,Wake Forest,4,64,64,69
1789,2009,Cleveland St.,13,32,64,84
1790,2009,West Virginia,6,64,64,60
1791,2009,Dayton,11,32,64,68
1792,2009,Kansas,3,16,64,84
1793,2009,North Dakota St.,14,64,64,74
1794,2009,Boston College,7,64,64,55
1795,2009,USC,10,32,64,72
1796,2009,Michigan St.,2,2,64,77
1797,2009,Robert Morris,15,64,64,62
1798,2009,Connecticut,1,4,64,103
1799,2009,Chattanooga,16,64,64,47
1800,2009,BYU,8,64,64,66
1801,2009,Texas A&M,9,32,64,79
1802,2009,Purdue,5,16,64,61
1803,2009,Northern Iowa,12,64,64,56
1804,2009,Washington,4,32,64,71
1805,2009,Mississippi St.,13,64,64,58
1806,2009,Marquette,6,32,64,58
1807,2009,Utah St.,11,64,64,57
1808,2009,Missouri,3,8,64,78
1809,2009,Cornell,14,64,64,59
1810,2009,California,7,64,64,71
1811,2009,Maryland,10,32,64,84
1812,2009,Memphis,2,16,64,81
1813,2009,Cal St. Northridge,15,64,64,70
1814,2009,Pittsburgh,1,8,64,72
1815,2009,East Tennessee St.,16,64,64,62
1816,2009,Oklahoma St.,8,32,64,77
1817,2009,Tennessee,9,64,64,75
1818,2009,Florida St.,5,64,64,59
1819,2009,Wisconsin,12,32,64,61
1820,2009,Xavier,4,16,64,77
1821,2009,Portland St.,13,64,64,59
1822,2009,UCLA,6,32,64,65
1823,2009,VCU,11,64,64,64
1824,2009,Villanova,3,4,64,80
1825,2009,American,14,64,64,67
1826,2009,Texas,7,32,64,76
1827,2009,Minnesota,10,64,64,62
1828,2009,Duke,2,16,64,86
1829,2009,Binghamton,15,64,64,62
1830,2009,North Carolina,1,1,64,101
1831,2009,Radford,16,64,64,58
1832,2009,LSU,8,32,64,75
1833,2009,Butler,9,64,64,71
1834,2009,Illinois,5,64,64,72
1835,2009,Western Kentucky,12,32,64,76
1836,2009,Gonzaga,4,16,64,77
1837,2009,Akron,13,64,64,64
1838,2009,Arizona St.,6,32,64,66
1839,2009,Temple,11,64,64,57
1840,2009,Syracuse,3,16,64,59
1841,2009,Stephen F. Austin,14,64,64,44
1842,2009,Clemson,7,64,64,59
1843,2009,Michigan,10,32,64,62
1844,2009,Oklahoma,2,8,64,82
1845,2009,Morgan St.,15,64,64,54
1846,2009,Louisville,1,8,32,79
1847,2009,Siena,9,32,32,72
1848,2009,Arizona,12,16,32,71
1849,2009,Cleveland St.,13,32,32,57
1850,2009,Dayton,11,32,32,43
1851,2009,Kansas,3,16,32,60
1852,2009,USC,10,32,32,69
1853,2009,Michigan St.,2,2,32,74
1854,2009,Connecticut,1,4,32,92
1855,2009,Texas A&M,9,32,32,66
1856,2009,Purdue,5,16,32,76
1857,2009,Washington,4,32,32,74
1858,2009,Marquette,6,32,32,79
1859,2009,Missouri,3,8,32,83
1860,2009,Maryland,10,32,32,70
1861,2009,Memphis,2,16,32,89
1862,2009,Pittsburgh,1,8,32,84
1863,2009,Oklahoma St.,8,32,32,76
1864,2009,Wisconsin,12,32,32,49
1865,2009,Xavier,4,16,32,60
1866,2009,UCLA,6,32,32,69
1867,2009,Villanova,3,4,32,89
1868,2009,Texas,7,32,32,69
1869,2009,Duke,2,16,32,74
1870,2009,North Carolina,1,1,32,84
1871,2009,LSU,8,32,32,70
1872,2009,Western Kentucky,12,32,32,81
1873,2009,Gonzaga,4,16,32,83
1874,2009,Arizona St.,6,32,32,67
1875,2009,Syracuse,3,16,32,78
1876,2009,Michigan,10,32,32,63
1877,2009,Oklahoma,2,8,32,73
1878,2009,Louisville,1,8,16,103
1879,2009,Arizona,12,16,16,64
1880,2009,Kansas,3,16,16,62
1881,2009,Michigan St.,2,2,16,67
1882,2009,Connecticut,1,4,16,72
1883,2009,Purdue,5,16,16,60
1884,2009,Missouri,3,8,16,102
1885,2009,Memphis,2,16,16,91
1886,2009,Pittsburgh,1,8,16,60
1887,2009,Xavier,4,16,16,55
1888,2009,Villanova,3,4,16,77
1889,2009,Duke,2,16,16,54
1890,2009,North Carolina,1,1,16,98
1891,2009,Gonzaga,4,16,16,77
1892,2009,Syracuse,3,16,16,71
1893,2009,Oklahoma,2,8,16,84
1894,2009,Louisville,1,8,8,52
1895,2009,Michigan St.,2,2,8,64
1896,2009,Connecticut,1,4,8,82
1897,2009,Missouri,3,8,8,75
1898,2009,Pittsburgh,1,8,8,76
1899,2009,Villanova,3,4,8,78
1900,2009,North Carolina,1,1,8,72
1901,2009,Oklahoma,2,8,8,60
1902,2009,Michigan St.,2,2,4,82
1903,2009,Connecticut,1,4,4,73
1904,2009,Villanova,3,4,4,69
1905,2009,North Carolina,1,1,4,83
1906,2009,Michigan St.,2,2,2,72
1907,2009,North Carolina,1,1,2,89
1908,2008,North Carolina,1,4,64,113
1909,2008,Mount St. Mary's,16,64,64,74
1910,2008,Indiana,8,64,64,72
1911,2008,Arkansas,9,32,64,86
1912,2008,Notre Dame,5,32,64,68
1913,2008,George Mason,12,64,64,50
1914,2008,Washington St.,4,16,64,71
1915,2008,Winthrop,13,64,64,40
1916,2008,Oklahoma,6,32,64,72
1917,2008,Saint Joseph's,11,64,64,64
1918,2008,Louisville,3,8,64,79
1919,2008,Boise St.,14,64,64,61
1920,2008,Butler,7,32,64,81
1921,2008,South Alabama,10,64,64,61
1922,2008,Tennessee,2,16,64,72
1923,2008,American,15,64,64,57
1924,2008,Kansas,1,1,64,85
1925,2008,Portland St.,16,64,64,61
1926,2008,UNLV,8,32,64,71
1927,2008,Kent St.,9,64,64,58
1928,2008,Clemson,5,64,64,69
1929,2008,Villanova,12,16,64,75
1930,2008,Vanderbilt,4,64,64,62
1931,2008,Siena,13,32,64,83
1932,2008,USC,6,64,64,67
1933,2008,Kansas St.,11,32,64,80
1934,2008,Wisconsin,3,16,64,71
1935,2008,Cal St. Fullerton,14,64,64,56
1936,2008,Gonzaga,7,64,64,76
1937,2008,Davidson,10,8,64,82
1938,2008,Georgetown,2,32,64,66
1939,2008,UMBC,15,64,64,47
1940,2008,Memphis,1,2,64,87
1941,2008,UT Arlington,16,64,64,63
1942,2008,Mississippi St.,8,32,64,76
1943,2008,Oregon,9,64,64,69
1944,2008,Michigan St.,5,16,64,72
1945,2008,Temple,12,64,64,61
1946,2008,Pittsburgh,4,32,64,82
1947,2008,Oral Roberts,13,64,64,63
1948,2008,Marquette,6,32,64,74
1949,2008,Kentucky,11,64,64,66
1950,2008,Stanford,3,16,64,77
1951,2008,Cornell,14,64,64,53
1952,2008,Miami FL,7,32,64,78
1953,2008,Saint Mary's,10,64,64,64
1954,2008,Texas,2,8,64,74
1955,2008,Austin Peay,15,64,64,54
1956,2008,UCLA,1,4,64,70
1957,2008,Mississippi Valley St.,16,64,64,29
1958,2008,BYU,8,64,64,62
1959,2008,Texas A&M,9,32,64,67
1960,2008,Drake,5,64,64,99
1961,2008,Western Kentucky,12,16,64,101
1962,2008,Connecticut,4,64,64,69
1963,2008,San Diego,13,32,64,70
1964,2008,Purdue,6,32,64,90
1965,2008,Baylor,11,64,64,79
1966,2008,Xavier,3,8,64,73
1967,2008,Georgia,14,64,64,61
1968,2008,West Virginia,7,16,64,75
1969,2008,Arizona,10,64,64,65
1970,2008,Duke,2,32,64,71
1971,2008,Belmont,15,64,64,70
1972,2008,North Carolina,1,4,32,108
1973,2008,Arkansas,9,32,32,77
1974,2008,Notre Dame,5,32,32,41
1975,2008,Washington St.,4,16,32,61
1976,2008,Oklahoma,6,32,32,48
1977,2008,Louisville,3,8,32,78
1978,2008,Butler,7,32,32,71
1979,2008,Tennessee,2,16,32,76
1980,2008,Kansas,1,1,32,75
1981,2008,UNLV,8,32,32,56
1982,2008,Villanova,12,16,32,84
1983,2008,Siena,13,32,32,72
1984,2008,Kansas St.,11,32,32,55
1985,2008,Wisconsin,3,16,32,72
1986,2008,Davidson,10,8,32,74
1987,2008,Georgetown,2,32,32,70
1988,2008,Memphis,1,2,32,77
1989,2008,Mississippi St.,8,32,32,74
1990,2008,Michigan St.,5,16,32,65
1991,2008,Pittsburgh,4,32,32,54
1992,2008,Marquette,6,32,32,81
1993,2008,Stanford,3,16,32,82
1994,2008,Miami FL,7,32,32,72
1995,2008,Texas,2,8,32,75
1996,2008,UCLA,1,4,32,51
1997,2008,Texas A&M,9,32,32,49
1998,2008,Western Kentucky,12,16,32,72
1999,2008,San Diego,13,32,32,63
2000,2008,Purdue,6,32,32,78
2001,2008,Xavier,3,8,32,85
2002,2008,West Virginia,7,16,32,73
2003,2008,Duke,2,32,32,67
2004,2008,North Carolina,1,4,16,68
2005,2008,Washington St.,4,16,16,47
2006,2008,Louisville,3,8,16,79
2007,2008,Tennessee,2,16,16,60
2008,2008,Kansas,1,1,16,72
2009,2008,Villanova,12,16,16,57
2010,2008,Wisconsin,3,16,16,56
2011,2008,Davidson,10,8,16,73
2012,2008,Memphis,1,2,16,92
2013,2008,Michigan St.,5,16,16,74
2014,2008,Stanford,3,16,16,62
2015,2008,Texas,2,8,16,82
2016,2008,UCLA,1,4,16,88
2017,2008,Western Kentucky,12,16,16,78
2018,2008,Xavier,3,8,16,79
2019,2008,West Virginia,7,16,16,75
2020,2008,North Carolina,1,4,8,83
2021,2008,Louisville,3,8,8,73
2022,2008,Kansas,1,1,8,59
2023,2008,Davidson,10,8,8,57
2024,2008,Memphis,1,2,8,85
2025,2008,Texas,2,8,8,67
2026,2008,UCLA,1,4,8,76
2027,2008,Xavier,3,8,8,57
2028,2008,North Carolina,1,4,4,66
2029,2008,Kansas,1,1,4,84
2030,2008,Memphis,1,2,4,78
2031,2008,UCLA,1,4,4,63
2032,2008,Kansas,1,1,2,68
2033,2008,Memphis,1,2,2,75